file,domains_detected,class,target_action
"src/components/admin/FeaturedManagement.tsx","packages|travels","core-candidate","Migrate reads/commands to Core API; remove direct table mutation"
"src/components/admin/LocationsManagement.tsx","shop","non-core","Retain Supabase only if explicitly approved as Muslim-app/non-Core domain; otherwise migrate"
"src/components/admin/ManasikManagement.tsx","prayer|settings","non-core","Retain Supabase only if explicitly approved as Muslim-app/non-Core domain; otherwise migrate"
"src/components/admin/NavigationManager.tsx","settings","non-core","Retain Supabase only if explicitly approved as Muslim-app/non-Core domain; otherwise migrate"
"src/components/admin/PackingTemplatesManagement.tsx","","non-core","Retain Supabase only if explicitly approved as Muslim-app/non-Core domain; otherwise migrate"
"src/components/admin/PagesManagement.tsx","pages|settings","non-core","Retain Supabase only if explicitly approved as Muslim-app/non-Core domain; otherwise migrate"
"src/components/admin/QuranManagement.tsx","quran","non-core","Retain Supabase only if explicitly approved as Muslim-app/non-Core domain; otherwise migrate"
"src/components/admin/SellerManagement.tsx","users|whatsapp|shop","non-core","Retain or move to separate commerce service; not Core travel source of truth"
"src/components/admin/ShopProductsManagement.tsx","shop|pages","non-core","Retain or move to separate commerce service; not Core travel source of truth"
"src/components/admin/UsersManagement.tsx","users|settings","non-core","Retain Supabase only if explicitly approved as Muslim-app/non-Core domain; otherwise migrate"
"src/components/admin/WebsiteTemplatesManagement.tsx","whatsapp|reviews","non-core","Retain Supabase only if explicitly approved as Muslim-app/non-Core domain; otherwise migrate"
"src/components/agent/AgentCreditsManager.tsx","packages|settings","core-candidate","Migrate reads/commands to Core API; remove direct table mutation"
"src/components/agent/AgentMembershipCard.tsx","settings","non-core","Retain Supabase only if explicitly approved as Muslim-app/non-Core domain; otherwise migrate"
"src/components/agent/AgentWebsiteManager.tsx","analytics|settings","non-core","Retain Supabase only if explicitly approved as Muslim-app/non-Core domain; otherwise migrate"
"src/components/agent/FeaturedPackageManager.tsx","packages","core-candidate","Migrate reads/commands to Core API; remove direct table mutation"
"src/components/agent/HajiManagement.tsx","users|documents","non-core","Retain Supabase only if explicitly approved as Muslim-app/non-Core domain; otherwise migrate"
"src/components/agent/PackageQuotaDetail.tsx","departures|users","core-candidate","Migrate reads/commands to Core API; remove direct table mutation"
"src/components/akun/AkunView.tsx","bookings|payments|users|shop|prayer|settings","core-candidate","Migrate reads/commands to Core API; remove direct table mutation"
"src/components/akun/ProfileDetailForm.tsx","users","non-core","Retain Supabase only if explicitly approved as Muslim-app/non-Core domain; otherwise migrate"
"src/components/common/DocumentUpload.tsx","","non-core","Retain Supabase only if explicitly approved as Muslim-app/non-Core domain; otherwise migrate"
"src/components/common/GlobalSearch.tsx","packages|shop|prayer","core-candidate","Migrate reads/commands to Core API; remove direct table mutation"
"src/components/common/ImageUpload.tsx","","non-core","Retain Supabase only if explicitly approved as Muslim-app/non-Core domain; otherwise migrate"
"src/components/common/MultiImageUpload.tsx","","non-core","Retain Supabase only if explicitly approved as Muslim-app/non-Core domain; otherwise migrate"
"src/components/home/PromoBanner.tsx","","non-core","Retain Supabase only if explicitly approved as Muslim-app/non-Core domain; otherwise migrate"
"src/components/packing/PackingListGenerator.tsx","whatsapp","non-core","Retain Supabase only if explicitly approved as Muslim-app/non-Core domain; otherwise migrate"
"src/components/premium/PremiumPaymentModal.tsx","","non-core","Retain Supabase only if explicitly approved as Muslim-app/non-Core domain; otherwise migrate"
"src/components/premium/PremiumUpgradeModal.tsx","","non-core","Retain Supabase only if explicitly approved as Muslim-app/non-Core domain; otherwise migrate"
"src/components/recommendation/AIRecommendationWizard.tsx","packages","core-candidate","Migrate reads/commands to Core API; remove direct table mutation"
"src/components/seller/SellerOrderActionDialog.tsx","shop","non-core","Retain or move to separate commerce service; not Core travel source of truth"
"src/components/seller/SellerSettingsTab.tsx","whatsapp|shop|settings","non-core","Retain or move to separate commerce service; not Core travel source of truth"
"src/components/shop/CheckoutView.tsx","shop","non-core","Retain or move to separate commerce service; not Core travel source of truth"
"src/components/shop/OrderHistoryView.tsx","shop","non-core","Retain or move to separate commerce service; not Core travel source of truth"
"src/components/shop/PaymentUploadDialog.tsx","shop","non-core","Retain or move to separate commerce service; not Core travel source of truth"
"src/components/shop/RelatedProducts.tsx","shop","non-core","Retain or move to separate commerce service; not Core travel source of truth"
"src/components/shop/ShopChatView.tsx","shop","non-core","Retain or move to separate commerce service; not Core travel source of truth"
"src/components/shop/WishlistView.tsx","shop","non-core","Retain or move to separate commerce service; not Core travel source of truth"
"src/contexts/AuthContext.tsx","shop","non-core","Retain Supabase only if explicitly approved as Muslim-app/non-Core domain; otherwise migrate"
"src/hooks/useAchievements.ts","quran","non-core","Retain Supabase only if explicitly approved as Muslim-app/non-Core domain; otherwise migrate"
"src/hooks/useAdminData.ts","memberships|travels|users|settings","core-candidate","Migrate to Core management/marketplace/booking/manifest/analytics endpoints"
"src/hooks/useAgentCredits.ts","","non-core","Retain Supabase only if explicitly approved as Muslim-app/non-Core domain; otherwise migrate"
"src/hooks/useAgentMembership.ts","packages|memberships|analytics","core-candidate","Migrate to Core management/marketplace/booking/manifest/analytics endpoints"
"src/hooks/useAgentNotifications.ts","","non-core","Retain Supabase only if explicitly approved as Muslim-app/non-Core domain; otherwise migrate"
"src/hooks/useAuth.ts","shop","non-core","Retain Supabase only if explicitly approved as Muslim-app/non-Core domain; otherwise migrate"
"src/hooks/useBookings.ts","bookings|payments|agents|whatsapp","core-candidate","Migrate to Core management/marketplace/booking/manifest/analytics endpoints"
"src/hooks/useCancellationRequests.ts","bookings","core-candidate","Migrate reads/commands to Core API; remove direct table mutation"
"src/hooks/useChat.ts","","non-core","Retain Supabase only if explicitly approved as Muslim-app/non-Core domain; otherwise migrate"
"src/hooks/useChatNotifications.ts","","non-core","Retain Supabase only if explicitly approved as Muslim-app/non-Core domain; otherwise migrate"
"src/hooks/useChecklist.ts","","non-core","Retain Supabase only if explicitly approved as Muslim-app/non-Core domain; otherwise migrate"
"src/hooks/useDepartureAuditLog.ts","","non-core","Retain Supabase only if explicitly approved as Muslim-app/non-Core domain; otherwise migrate"
"src/hooks/useDepartureNotifications.ts","","non-core","Retain Supabase only if explicitly approved as Muslim-app/non-Core domain; otherwise migrate"
"src/hooks/useDeparturesRealtime.ts","departures|packages","core-candidate","Migrate to Core management/marketplace/booking/manifest/analytics endpoints"
"src/hooks/useDzikirTracking.ts","","non-core","Retain Supabase Muslim-app domain; document ownership"
"src/hooks/useFeaturedPackages.ts","departures|packages|travels|settings","core-candidate","Migrate reads/commands to Core API; remove direct table mutation"
"src/hooks/useFeedback.ts","","non-core","Retain Supabase only if explicitly approved as Muslim-app/non-Core domain; otherwise migrate"
"src/hooks/useFreeTrial.ts","subscriptions","core-candidate","Migrate reads/commands to Core API; remove direct table mutation"
"src/hooks/useGeofencing.ts","users","non-core","Retain Supabase only if explicitly approved as Muslim-app/non-Core domain; otherwise migrate"
"src/hooks/useGroupTracking.ts","","non-core","Retain Supabase only if explicitly approved as Muslim-app/non-Core domain; otherwise migrate"
"src/hooks/useHaji.ts","packages|agents|documents","core-candidate","Migrate reads/commands to Core API; remove direct table mutation"
"src/hooks/useIbadahHabits.ts","","non-core","Retain Supabase Muslim-app domain; document ownership"
"src/hooks/useImportantLocations.ts","shop","non-core","Retain Supabase only if explicitly approved as Muslim-app/non-Core domain; otherwise migrate"
"src/hooks/useInquiries.ts","departures|packages|travels|agents","core-candidate","Migrate reads/commands to Core API; remove direct table mutation"
"src/hooks/useItinerary.ts","","non-core","Retain Supabase only if explicitly approved as Muslim-app/non-Core domain; otherwise migrate"
"src/hooks/useJournals.ts","","non-core","Retain Supabase only if explicitly approved as Muslim-app/non-Core domain; otherwise migrate"
"src/hooks/useJourneyProgress.ts","","non-core","Retain Supabase only if explicitly approved as Muslim-app/non-Core domain; otherwise migrate"
"src/hooks/useKhatamTarget.ts","pages|quran","non-core","Retain Supabase only if explicitly approved as Muslim-app/non-Core domain; otherwise migrate"
"src/hooks/useManasikGuides.ts","","non-core","Retain Supabase only if explicitly approved as Muslim-app/non-Core domain; otherwise migrate"
"src/hooks/useMasterData.ts","","non-core","Retain Supabase only if explicitly approved as Muslim-app/non-Core domain; otherwise migrate"
"src/hooks/useMealTracking.ts","","non-core","Retain Supabase only if explicitly approved as Muslim-app/non-Core domain; otherwise migrate"
"src/hooks/useMembershipConfig.ts","settings","non-core","Retain Supabase only if explicitly approved as Muslim-app/non-Core domain; otherwise migrate"
"src/hooks/useNotificationPreferences.ts","","non-core","Retain Supabase only if explicitly approved as Muslim-app/non-Core domain; otherwise migrate"
"src/hooks/useOfflineManager.ts","prayer","non-core","Retain Supabase only if explicitly approved as Muslim-app/non-Core domain; otherwise migrate"
"src/hooks/useOlahraga.ts","","non-core","Retain Supabase only if explicitly approved as Muslim-app/non-Core domain; otherwise migrate"
"src/hooks/useOrderNotifications.ts","","non-core","Retain Supabase only if explicitly approved as Muslim-app/non-Core domain; otherwise migrate"
"src/hooks/useOrderStatusHistory.ts","","non-core","Retain Supabase only if explicitly approved as Muslim-app/non-Core domain; otherwise migrate"
"src/hooks/usePages.ts","pages","non-core","Retain Supabase only if explicitly approved as Muslim-app/non-Core domain; otherwise migrate"
"src/hooks/usePlatformConfig.ts","whatsapp|settings","non-core","Retain Supabase only if explicitly approved as Muslim-app/non-Core domain; otherwise migrate"
"src/hooks/usePrayerCheckIn.ts","prayer","non-core","Retain Supabase Muslim-app domain; document ownership"
"src/hooks/usePrayers.ts","prayer","non-core","Retain Supabase Muslim-app domain; document ownership"
"src/hooks/usePremiumConfig.ts","settings","non-core","Retain Supabase only if explicitly approved as Muslim-app/non-Core domain; otherwise migrate"
"src/hooks/usePremiumSubscription.ts","subscriptions|users|settings","core-candidate","Migrate reads/commands to Core API; remove direct table mutation"
"src/hooks/useProductReviews.ts","shop|reviews","non-core","Retain Supabase only if explicitly approved as Muslim-app/non-Core domain; otherwise migrate"
"src/hooks/usePublicPaymentConfig.ts","","non-core","Retain Supabase only if explicitly approved as Muslim-app/non-Core domain; otherwise migrate"
"src/hooks/usePublicReviews.ts","travels|reviews","core-candidate","Migrate reads/commands to Core API; remove direct table mutation"
"src/hooks/useQuranAdmin.ts","quran","non-core","Retain Supabase Muslim-app domain; document ownership"
"src/hooks/useQuranLocal.ts","quran","non-core","Retain Supabase Muslim-app domain; document ownership"
"src/hooks/useQuranTips.ts","quran","non-core","Retain Supabase Muslim-app domain; document ownership"
"src/hooks/useQuranTracking.ts","quran","non-core","Retain Supabase Muslim-app domain; document ownership"
"src/hooks/useRamadhanDashboard.ts","quran","non-core","Retain Supabase Muslim-app domain; document ownership"
"src/hooks/useRealtimeOrders.ts","shop","non-core","Retain Supabase only if explicitly approved as Muslim-app/non-Core domain; otherwise migrate"
"src/hooks/useReviews.ts","travels|reviews","core-candidate","Migrate reads/commands to Core API; remove direct table mutation"
"src/hooks/useSedekah.ts","","non-core","Retain Supabase only if explicitly approved as Muslim-app/non-Core domain; otherwise migrate"
"src/hooks/useSeller.ts","memberships|whatsapp|shop","non-core","Retain or move to separate commerce service; not Core travel source of truth"
"src/hooks/useSellerOrders.ts","shop","non-core","Retain or move to separate commerce service; not Core travel source of truth"
"src/hooks/useShopAdmin.ts","shop","non-core","Retain or move to separate commerce service; not Core travel source of truth"
"src/hooks/useShopCart.ts","shop","non-core","Retain or move to separate commerce service; not Core travel source of truth"
"src/hooks/useShopChat.ts","shop","non-core","Retain or move to separate commerce service; not Core travel source of truth"
"src/hooks/useShopOrders.ts","shop","non-core","Retain or move to separate commerce service; not Core travel source of truth"
"src/hooks/useShopProducts.ts","shop","non-core","Retain or move to separate commerce service; not Core travel source of truth"
"src/hooks/useShopSellers.ts","shop","non-core","Retain or move to separate commerce service; not Core travel source of truth"
"src/hooks/useWhatsAppReminder.ts","whatsapp","non-core","Retain Supabase only if explicitly approved as Muslim-app/non-Core domain; otherwise migrate"
"src/hooks/useWishlist.ts","","non-core","Retain Supabase only if explicitly approved as Muslim-app/non-Core domain; otherwise migrate"
"src/integrations/supabase/client.ts","","non-core","Retain Supabase only if explicitly approved as Muslim-app/non-Core domain; otherwise migrate"
"src/integrations/supabase/types.ts","bookings|departures|packages|manifest|memberships|subscriptions|travels|whatsapp|shop|pages|quran|prayer|reviews|documents|analytics|settings","core-candidate","Migrate reads/commands to Core API; remove direct table mutation"
"src/lib/coreApi.ts","bookings|payments|departures|packages|manifest|memberships|travels|agents|users|whatsapp|reviews|documents|analytics|settings","core-candidate","Migrate reads/commands to Core API; remove direct table mutation"
"src/lib/supabase-helpers.ts","travels","core-candidate","Migrate reads/commands to Core API; remove direct table mutation"
"src/lib/supabase.ts","","non-core","Retain Supabase only if explicitly approved as Muslim-app/non-Core domain; otherwise migrate"
"src/pages/AgentPublicProfile.tsx","departures|packages|travels|settings","core-candidate","Migrate reads/commands to Core API; remove direct table mutation"
"src/pages/Auth.tsx","","non-core","Retain Supabase only if explicitly approved as Muslim-app/non-Core domain; otherwise migrate"
"src/pages/DynamicSlugHandler.tsx","pages|settings","non-core","Retain Supabase only if explicitly approved as Muslim-app/non-Core domain; otherwise migrate"
"src/pages/PageDetail.tsx","pages|settings","non-core","Retain Supabase only if explicitly approved as Muslim-app/non-Core domain; otherwise migrate"
"src/pages/ResetPassword.tsx","","non-core","Retain Supabase only if explicitly approved as Muslim-app/non-Core domain; otherwise migrate"
"src/pages/StorePage.tsx","whatsapp|shop","non-core","Retain Supabase only if explicitly approved as Muslim-app/non-Core domain; otherwise migrate"
"src/supabaseConfig.ts","","non-core","Retain Supabase only if explicitly approved as Muslim-app/non-Core domain; otherwise migrate"
